,date,USD,EUR,JPY,CAD,HKD,KRW,AUD,RUB,NZD,GBP,INR,CHF
0,2010-01-01,1.1844,1.0000,125.7161,1.5609,9.1792,1390.4351,1.6261,35.7576,1.7710,0.9246,87.0966,1.0764
1,2010-02-01,1.3913,1.0000,125.6000,1.4868,10.8066,1627.1000,1.5748,42.2510,1.9774,0.8748,64.5220,1.4725
2,2010-03-01,1.3525,1.0000,120.6700,1.4266,10.5007,1562.2400,1.5105,40.5471,1.9442,0.9067,62.4110,1.4644
3,2010-04-01,1.3468,1.0000,126.2800,1.3622,10.4604,1517.0400,1.4685,39.5985,1.9129,0.8849,60.2020,1.4179
4,2010-05-01,1.3245,1.0000,125.1090,1.3285,10.2651,1469.5594,1.4218,38.7526,1.8197,0.8617,58.7881,1.4271
5,2010-06-01,1.2155,1.0000,110.6500,1.2766,9.4720,1478.2900,1.4595,38.0290,1.8056,0.8347,57.3170,1.4183
6,2010-07-01,1.2328,1.0000,108.1400,1.3124,9.6059,1514.7100,1.4753,38.5810,1.8062,0.8222,57.4820,1.3178
7,2010-08-01,1.3086,1.0000,112.9974,1.3556,10.1599,1548.6807,1.4564,39.4489,1.8149,0.8385,60.7835,1.3611
8,2010-09-01,1.2800,1.0000,107.5400,1.3560,9.9542,1516.7300,1.4141,39.3572,1.8112,0.8310,59.9230,1.2967
9,2010-10-01,1.3726,1.0000,114.2600,1.4085,10.6511,1546.1000,1.4114,41.8000,1.8550,0.8676,61.0810,1.3423
10,2010-11-01,1.3926,1.0000,111.9400,1.4160,10.7957,1556.6600,1.4094,42.8993,1.8130,0.8668,61.8871,1.3756
11,2010-12-01,1.3115,1.0000,110.3700,1.3360,10.1864,1508.7800,1.3615,41.2445,1.7589,0.8393,59.4664,1.3178
12,2011-01-01,1.3250,1.0000,107.7665,1.3226,10.2697,1483.1849,1.3018,40.4839,1.7131,0.8559,59.3951,1.2415
13,2011-02-01,1.3755,1.0000,112.1900,1.3717,10.7180,1529.7700,1.3647,40.7470,1.7671,0.8536,62.9570,1.2954
14,2011-03-01,1.3825,1.0000,113.3900,1.3408,10.7668,1550.2500,1.3572,39.6750,1.8397,0.8494,62.1430,1.2849
15,2011-04-01,1.4141,1.0000,118.5600,1.3686,11.0020,1544.2700,1.3649,40.1500,1.8518,0.8815,62.9800,1.3059
16,2011-05-01,1.4817,1.0000,157.2794,1.9528,11.4838,1588.0209,2.0343,40.8038,2.2156,1.1568,108.9638,1.3466
17,2011-06-01,1.4408,1.0000,117.1100,1.3948,11.2057,1548.5000,1.3410,40.2340,1.7502,0.8770,64.6124,1.2182
18,2011-07-01,1.4488,1.0000,116.9200,1.3964,11.2750,1545.0600,1.3523,40.3909,1.7552,0.9050,64.5950,1.2267
19,2011-08-01,1.4415,1.0000,110.8400,1.3713,11.2310,1511.3900,1.3041,39.7390,1.6348,0.8796,63.5340,1.1270
20,2011-09-01,1.4285,1.0000,110.0800,1.3954,11.1209,1519.3100,1.3349,41.4130,1.6793,0.8812,65.8360,1.1417
21,2011-10-01,1.3615,1.0000,104.6542,1.4191,10.6079,1609.1548,1.3975,43.5339,1.7815,0.8726,66.7569,1.2263
22,2011-11-01,1.3627,1.0000,106.5800,1.3855,10.5920,1529.3300,1.3237,42.1400,1.7152,0.8552,67.1540,1.2174
23,2011-12-01,1.3492,1.0000,104.8400,1.3736,10.4868,1518.0100,1.3182,41.4650,1.7347,0.8591,69.3080,1.2264
24,2012-01-01,1.2867,1.0000,99.7484,1.3126,9.9996,1487.9865,1.2671,41.4682,1.6655,0.8335,68.4161,1.2100
25,2012-02-01,1.3175,1.0000,100.2900,1.3161,10.2176,1480.8000,1.2312,39.7920,1.5839,0.8312,64.7750,1.2048
26,2012-03-01,1.3312,1.0000,107.9500,1.3120,10.3245,1488.9000,1.2353,39.0330,1.5909,0.8349,65.5950,1.2052
27,2012-04-01,1.3343,1.0000,109.4931,1.3284,10.3656,1511.5289,1.2820,39.1319,1.6299,0.8334,67.8410,1.2043
28,2012-05-01,1.3211,1.0000,105.8267,1.2982,10.2533,1490.7508,1.2681,38.7018,1.6181,0.8128,69.5992,1.2015
29,2012-06-01,1.2322,1.0000,96.2500,1.2794,9.5629,1454.8900,1.2772,41.7546,1.6422,0.8050,68.5190,1.2008
30,2012-07-01,1.2427,1.0000,98.7471,1.2732,9.6338,1422.7711,1.2213,41.1556,1.5502,0.7956,69.4565,1.1865
31,2012-08-01,1.2298,1.0000,96.2000,1.2320,9.5359,1386.3400,1.1691,39.7770,1.5145,0.7875,68.2220,1.2013
32,2012-09-01,1.2557,1.0000,98.5399,1.2434,9.7353,1424.4060,1.2149,40.4489,1.5634,0.7919,69.8853,1.1958
33,2012-10-01,1.2877,1.0000,100.4200,1.2667,9.9850,1435.4900,1.2431,40.2230,1.5533,0.7983,67.4870,1.2095
34,2012-11-01,1.2975,1.0000,103.8200,1.2969,10.0557,1416.0700,1.2491,40.6714,1.5685,0.8032,69.6820,1.2072
35,2012-12-01,1.2986,1.0000,107.3857,1.2893,10.0679,1405.2052,1.2459,40.1627,1.5819,0.8093,70.8112,1.2022
36,2013-01-01,1.3261,1.0000,114.1828,1.3203,10.2803,1411.1263,1.2776,40.4263,1.6027,0.8202,72.4946,1.2133
37,2013-02-01,1.3644,1.0000,125.7800,1.3637,10.5847,1493.9400,1.3132,40.9094,1.6191,0.8617,72.5830,1.2351
38,2013-03-01,1.3000,1.0000,120.5300,1.3437,10.0829,1415.5600,1.2741,39.9750,1.5759,0.8647,71.3880,1.2245
39,2013-04-01,1.2894,1.0000,121.6270,1.0439,10.0165,1432.8968,1.2384,39.6251,1.5415,0.8470,69.9852,1.2225
40,2013-05-01,1.3081,1.0000,127.4423,1.3223,10.1415,1441.0520,1.2658,40.7412,1.5266,0.8449,70.6406,1.2247
41,2013-06-01,1.2985,1.0000,130.5303,1.3444,10.0819,1466.8315,1.3562,41.0999,1.6356,0.8541,73.4012,1.2404
42,2013-07-01,1.3037,1.0000,129.9900,1.3714,10.1108,1480.2000,1.4190,43.0606,1.6774,0.8562,77.6280,1.2340
43,2013-08-01,1.3236,1.0000,130.6900,1.3630,10.2656,1486.4100,1.4733,43.7150,1.6662,0.8692,80.0030,1.2317
44,2013-09-01,1.3256,1.0000,109.3737,1.2176,10.2772,1471.6324,1.2234,44.0124,1.7158,0.8819,87.1070,1.2693
45,2013-10-01,1.3554,1.0000,132.6000,1.3962,10.5113,1456.5100,1.4388,43.6540,1.6363,0.8345,84.8790,1.2253
46,2013-11-01,1.3505,1.0000,132.9000,1.4082,10.4700,1434.2700,1.4265,43.6018,1.6343,0.8464,83.3645,1.2310
47,2013-12-01,1.3592,1.0000,148.2651,1.5816,10.5370,1438.4884,1.3054,45.0209,1.6728,0.8408,84.9864,1.2132
48,2014-01-01,1.3763,1.0000,144.6794,1.4651,10.6695,1452.7240,1.5431,45.0820,1.6756,0.8328,84.9930,1.2249
49,2014-02-01,1.3597,1.0000,139.4016,1.5210,10.5619,1469.7176,1.5526,47.8248,1.6683,0.8267,84.9645,1.2285
50,2014-03-01,1.3662,1.0000,139.0025,1.5206,10.5919,1456.9440,1.5244,49.3597,1.6244,0.8164,84.8152,1.2117
51,2014-04-01,1.3790,1.0000,142.5300,1.5241,10.6971,1460.0400,1.4929,48.4420,1.5903,0.8292,82.6950,1.2178
52,2014-05-01,1.3861,1.0000,142.1789,1.5203,10.7455,1431.8919,1.4958,49.3992,1.6095,0.8236,83.7458,1.2209
53,2014-06-01,1.3617,1.0000,136.3708,1.4908,10.5563,1389.8699,1.4757,47.2066,1.6019,0.8206,80.1806,1.2333
54,2014-07-01,1.3688,1.0000,138.9800,1.4587,10.6083,1384.5500,1.4479,46.8950,1.5624,0.7981,82.2307,1.2138
55,2014-08-01,1.3395,1.0000,137.9200,1.4635,10.3811,1389.2400,1.4431,47.9648,1.5801,0.7961,82.0250,1.2163
56,2014-09-01,1.3133,1.0000,136.9700,1.4266,10.1783,1330.2000,1.4059,48.9815,1.5660,0.7903,79.5006,1.2072
57,2014-10-01,1.2603,1.0000,138.5300,1.4139,9.7838,1342.3900,1.4496,49.9202,1.6171,0.7782,77.7857,1.2072
58,2014-11-01,1.2585,1.0000,140.3389,1.4102,9.7569,1344.2597,1.4274,53.0228,1.6006,0.7873,77.2695,1.2075
59,2014-12-01,1.2469,1.0000,147.6200,1.4213,9.6691,1381.4000,1.4681,65.2758,1.5838,0.7927,77.3564,1.2028
60,2015-01-01,1.2165,1.0000,145.4805,1.4108,9.4314,1324.3838,1.4847,68.7535,1.5520,0.7812,76.9098,1.2040
61,2015-02-01,1.1337,1.0000,132.9775,1.4429,8.7895,1244.1082,1.4654,79.9784,1.5615,0.7521,69.8734,1.0528
62,2015-03-01,1.1349,1.0000,134.9121,1.4176,8.7988,1248.3767,1.4438,68.6564,1.5005,0.7380,70.1126,1.0724
63,2015-04-01,1.0755,1.0000,129.2900,1.3632,8.3382,1187.6700,1.4153,62.4363,1.4472,0.7285,67.2161,1.0426
64,2015-05-01,1.0994,1.0000,130.7185,1.3222,8.5235,1181.4831,1.3849,56.7230,1.4445,0.7114,70.0783,1.0295
65,2015-06-01,1.0944,1.0000,135.7900,1.3673,8.4871,1217.1300,1.4341,58.2567,1.5372,0.7192,69.7123,1.0331
66,2015-07-01,1.1100,1.0000,136.6300,1.3902,8.6053,1246.8700,1.4458,61.5175,1.6415,0.7090,70.6016,1.0457
67,2015-08-01,1.0962,1.0000,136.1905,1.4290,8.4980,1285.7060,1.5072,65.3186,1.6730,0.7040,70.3405,1.0563
68,2015-09-01,1.1236,1.0000,134.8700,1.4856,8.7079,1321.4800,1.5956,72.9868,1.7749,0.7328,74.5056,1.0825
69,2015-10-01,1.1153,1.0000,133.5600,1.4799,8.6436,1314.3600,1.5777,73.0745,1.7332,0.7367,73.0661,1.0903
70,2015-11-01,1.0962,1.0000,132.5641,1.4488,8.4953,1252.0125,1.5453,70.5438,1.6354,0.7182,71.5856,1.0849
71,2015-12-01,1.0600,1.0000,130.5700,1.4118,8.2180,1229.0000,1.4540,70.7140,1.5935,0.7036,70.5123,1.0908
72,2017-01-01,1.0454,1.0000,121.8786,1.4136,8.1080,1262.6632,1.4488,63.0151,1.5034,0.8530,71.1956,1.0705
73,2017-02-01,1.0790,1.0000,122.2500,1.4097,8.3720,1247.8600,1.4225,64.8674,1.4817,0.8542,72.7540,1.0680
74,2017-03-01,1.0533,1.0000,119.8400,1.4044,8.1773,1204.9300,1.3752,61.4190,1.4793,0.8555,70.3960,1.0647
75,2017-04-01,1.0739,1.0000,119.3522,1.4317,8.3463,1199.9714,1.3992,60.4598,1.5309,0.8629,69.7210,1.0693
76,2017-05-01,1.0909,1.0000,121.8479,1.4902,8.4863,1239.7670,1.4483,62.0917,1.5793,0.8446,70.1271,1.0853
77,2017-06-01,1.1219,1.0000,124.5300,1.5155,8.7419,1258.4000,1.5182,63.5329,1.5870,0.8723,72.3235,1.0883
78,2017-07-01,1.1406,1.0000,128.3520,1.4841,8.9047,1301.6911,1.4867,67.3147,1.5639,0.8798,73.6659,1.0932
79,2017-08-01,1.1812,1.0000,130.5300,1.4737,9.2284,1325.5000,1.4813,71.1750,1.5813,0.8944,75.7145,1.1414
80,2017-09-01,1.1920,1.0000,131.2900,1.4830,9.3272,1335.3600,1.5021,68.8223,1.6638,0.9207,76.3275,1.1441
81,2017-10-01,1.1780,1.0000,132.7071,1.4697,9.1990,1353.5917,1.5058,68.4251,1.6361,0.8778,77.1905,1.1458
82,2017-11-01,1.1612,1.0000,132.6000,1.4986,9.0593,1291.5100,1.5136,67.5100,1.6866,0.8739,75.0130,1.1640
83,2017-12-01,1.1885,1.0000,133.7000,1.5301,9.2853,1287.4700,1.5693,69.6973,1.7349,0.8812,76.6550,1.1691
84,2018-01-01,1.1998,1.0000,135.3851,1.5136,9.3774,1284.5479,1.5418,69.1102,1.6944,0.8931,76.8851,1.1756
85,2018-02-01,1.2459,1.0000,136.6200,1.5348,9.7429,1334.4600,1.5567,70.1220,1.6944,0.8752,79.7660,1.1603
86,2018-03-01,1.2171,1.0000,129.9800,1.5654,9.5263,1323.4900,1.5746,69.1788,1.6866,0.8852,79.3245,1.1519
87,2018-04-01,1.2323,1.0000,131.3218,1.5907,9.6711,1313.4563,1.6060,70.9294,1.7117,0.8763,80.3138,1.1788
88,2018-05-01,1.2006,1.0000,131.6965,1.5448,9.4253,1287.3333,1.6023,76.1360,1.7138,0.8811,80.0415,1.1950
89,2018-06-01,1.1669,1.0000,127.7400,1.5142,9.1547,1254.1700,1.5494,72.5972,1.6737,0.8768,78.3140,1.1531
90,2018-07-01,1.1593,1.0000,127.7493,1.5402,9.0980,1302.9562,1.5770,73.0221,1.7118,0.8851,79.6756,1.1554
91,2018-08-01,1.1696,1.0000,130.8100,1.5231,9.1807,1307.4000,1.5767,73.4672,1.7187,0.8904,79.9705,1.1589
92,2018-09-01,1.1589,1.0000,128.3958,1.5098,9.0968,1299.5368,1.5876,78.3984,1.7347,0.8979,81.2640,1.1385
93,2018-10-01,1.1606,1.0000,132.2500,1.4867,9.0848,1290.1600,1.6070,76.1229,1.7572,0.8908,84.6215,1.1414
94,2018-11-01,1.1393,1.0000,128.5200,1.4904,8.9293,1285.7000,1.5857,74.8346,1.7190,0.8817,83.6800,1.1430
95,2018-12-01,1.1365,1.0000,128.8792,1.5113,8.8914,1272.2833,1.5542,75.6247,1.6570,0.8903,79.3888,1.1315
96,2019-01-01,1.1387,1.0000,126.2699,1.5492,8.9175,1275.8120,1.6159,79.0652,1.6968,0.9016,80.1166,1.1294
97,2019-02-01,1.1471,1.0000,124.9100,1.5075,9.0012,1281.3300,1.5789,75.1176,1.6567,0.8789,81.7710,1.1396
98,2019-03-01,1.1383,1.0000,127.3500,1.4971,8.9344,1282.1200,1.6000,74.9928,1.6656,0.8597,80.6950,1.1363
99,2019-04-01,1.1236,1.0000,124.6800,1.5006,8.8201,1275.2400,1.5775,73.7449,1.6458,0.8566,77.8885,1.1180
100,2019-05-01,1.1233,1.0000,124.9585,1.5070,8.8129,1305.8925,1.5966,72.7668,1.6904,0.8592,78.1234,1.1404
101,2019-06-01,1.1151,1.0000,121.2700,1.5115,8.7516,1325.9588,1.6136,72.9053,1.7101,0.8869,77.9310,1.1214
102,2019-07-01,1.1349,1.0000,122.9300,1.4866,8.8639,1318.2700,1.6226,71.4725,1.6941,0.8972,78.2360,1.1141
103,2019-08-01,1.1037,1.0000,120.1800,1.4602,8.6367,1313.6800,1.6135,70.5770,1.6856,0.9115,76.2720,1.0988
104,2019-09-01,1.1074,1.0000,117.6826,1.4713,8.6889,1347.1723,1.6425,73.8527,1.7461,0.9076,79.4856,1.0883
105,2019-10-01,1.0898,1.0000,118.0000,1.4466,8.5449,1310.5600,1.6274,71.0815,1.7528,0.8895,77.4920,1.0906
106,2019-11-01,1.1139,1.0000,120.4300,1.4682,8.7298,1300.0900,1.6151,71.0786,1.7326,0.8601,78.8160,1.1013
107,2019-12-01,1.1004,1.0000,120.4609,1.4624,8.6127,1297.3235,1.6252,70.5965,1.7129,0.8520,78.7851,1.0992
108,2020-01-01,1.1192,1.0000,122.1656,1.4631,8.7148,1293.9537,1.5995,69.2824,1.6650,0.8529,79.8164,1.0875
109,2020-02-01,1.1021,1.0000,119.9852,1.4575,8.5619,1306.1932,1.6383,69.6165,1.6942,0.8456,78.7918,1.0696
110,2020-03-01,1.0944,1.0000,120.3407,1.4602,8.5290,1332.0480,1.6650,71.9227,1.7321,0.8504,78.3116,1.0623
111,2020-04-01,1.0936,1.0000,117.5500,1.5601,8.4781,1346.4800,1.8053,86.4750,1.8547,0.8846,83.6004,1.0564
112,2020-05-01,1.0986,1.0000,117.3349,1.5453,8.5187,1344.9086,1.7090,82.9469,1.8135,0.8779,83.2149,1.0559
113,2020-06-01,1.1116,1.0000,119.7500,1.5228,8.6165,1364.4400,1.6488,77.4378,1.7824,0.8967,83.9380,1.0686
114,2020-07-01,1.1200,1.0000,120.3100,1.5217,8.6808,1347.8400,1.6268,79.6793,1.7362,0.9043,84.6220,1.0620
115,2020-08-01,1.1746,1.0000,123.4686,1.5763,9.1034,1402.7357,1.6441,86.5822,1.7723,0.9030,87.9200,1.0741
116,2020-09-01,1.1987,1.0000,126.9200,1.5600,9.2900,1420.1200,1.6242,88.1474,1.7727,0.8898,87.4085,1.0865
117,2020-10-01,1.1752,1.0000,123.9800,1.5616,9.1082,1365.0300,1.6319,90.6050,1.7667,0.9072,85.8275,1.0787
118,2020-11-01,1.1698,1.0000,122.0711,1.5572,9.0682,1320.4914,1.6607,92.0676,1.7650,0.9055,86.8410,1.0699
119,2020-12-01,1.1968,1.0000,124.9200,1.5522,9.2774,1326.7200,1.6274,90.7837,1.7010,0.8980,88.1535,1.0836
120,2021-01-01,1.2271,1.0000,126.4900,1.5633,9.5133,1334.5138,1.5896,91.4666,1.7086,0.8990,89.6206,1.0802
121,2021-02-01,1.2084,1.0000,126.7700,1.5474,9.3687,1351.2100,1.5831,91.6248,1.6844,0.8820,88.3450,1.0816
122,2021-03-01,1.2053,1.0000,128.6300,1.5274,9.3498,1352.8000,1.5570,89.3155,1.6629,0.8656,88.6665,1.1014
123,2021-04-01,1.1746,1.0000,130.0300,1.4787,9.1346,1328.3600,1.5500,89.5944,1.6806,0.8519,86.2275,1.1099
124,2021-05-01,1.2082,1.0000,131.4437,1.4826,9.3787,1340.6919,1.5525,90.4819,1.6661,0.8661,89.4795,1.0981
125,2021-06-01,1.2225,1.0000,134.0500,1.4708,9.4853,1355.3900,1.5793,89.9113,1.6837,0.8629,89.1155,1.0986
126,2021-07-01,1.1884,1.0000,132.4200,1.4698,9.2273,1345.8600,1.5836,86.6085,1.6965,0.8603,88.5590,1.0985
127,2021-08-01,1.1891,1.0000,130.6073,1.4830,9.2472,1367.2061,1.6110,86.7100,1.6983,0.8521,88.4424,1.0804
128,2021-09-01,1.1817,1.0000,130.3500,1.4879,9.1907,1369.2500,1.6088,86.3373,1.6776,0.8586,86.3480,1.0845
129,2021-10-01,1.1600,1.0000,128.9700,1.4698,9.0304,1371.3200,1.5985,84.7187,1.6751,0.8565,85.9750,1.0791
130,2021-11-01,1.1578,1.0000,132.1900,1.4325,9.0108,1363.8800,1.5400,82.2438,1.6097,0.8457,86.7275,1.0562
131,2021-12-01,1.1314,1.0000,128.2700,1.4433,8.8154,1330.5300,1.5849,83.6246,1.6548,0.8500,84.7485,1.0427
132,2016-01-01,1.0926,1.0000,131.6249,1.5156,8.4679,1281.2682,1.4980,79.7842,1.5936,0.7377,72.5311,1.0822
133,2016-02-01,1.0884,1.0000,131.9900,1.5253,8.4688,1310.4300,1.5377,82.9655,1.6820,0.7610,73.9100,1.1096
134,2016-03-01,1.0872,1.0000,122.9400,1.4699,8.4539,1340.0600,1.5196,80.2270,1.6475,0.7780,73.7700,1.0860
135,2016-04-01,1.1432,1.0000,128.0700,1.4894,8.8652,1315.7800,1.4884,77.5430,1.6518,0.7989,75.8528,1.0946
136,2016-05-01,1.1347,1.0000,122.6502,1.4271,8.8024,1291.3913,1.4891,73.4592,1.6308,0.7798,75.4854,1.0971
137,2016-06-01,1.1174,1.0000,122.0700,1.4586,8.6818,1331.5300,1.5370,74.7806,1.6373,0.7736,75.3780,1.1055
138,2016-07-01,1.1135,1.0000,114.2900,1.4390,8.6393,1275.7600,1.4884,71.3087,1.5508,0.8383,74.9698,1.0835
139,2016-08-01,1.1164,1.0000,114.2800,1.4587,8.6623,1236.2100,1.4751,73.8736,1.5545,0.8454,74.4640,1.0807
140,2016-09-01,1.1146,1.0000,115.5900,1.4634,8.6463,1250.3500,1.4801,72.8322,1.5357,0.8405,74.6330,1.0978
141,2016-10-01,1.1217,1.0000,113.7861,1.4693,8.6992,1232.5418,1.4651,70.9382,1.5455,0.8621,75.0232,1.0886
142,2016-11-01,1.1025,1.0000,115.5700,1.4730,8.5504,1258.4400,1.4341,69.3698,1.5342,0.9017,73.5425,1.0823
143,2016-12-01,1.0627,1.0000,121.3900,1.4240,8.2422,1241.6400,1.4378,67.7700,1.5008,0.8410,72.6370,1.0764
144,2022-01-01,1.1326,1.0000,130.3249,1.4488,8.8322,1342.6918,1.5607,84.0795,1.6554,0.8399,84.4482,1.0372
145,2022-02-01,1.1260,1.0000,129.1200,1.4299,8.7779,1353.6100,1.5868,86.3238,1.7032,0.8350,84.1970,1.0374
146,2022-03-01,1.1162,1.0000,128.1500,1.4158,8.7234,1342.6000,1.5365,117.2010,1.6484,0.8329,84.5015,1.0247
147,2022-04-01,1.1052,1.0000,135.3500,1.3805,8.6596,1345.6100,1.4696,92.2052,1.5911,0.8415,83.9847,1.0217
148,2022-05-01,1.0536,1.0000,137.0466,1.3423,8.2692,1329.7073,1.4692,82.2794,1.6168,0.8389,80.6562,1.0233
149,2022-06-01,1.0712,1.0000,138.6800,1.3536,8.4057,1331.4400,1.4861,65.8502,1.6442,0.8516,83.0510,1.0305
150,2022-07-01,1.0425,1.0000,141.0500,1.3492,8.1801,1352.5800,1.5382,56.0527,1.6929,0.8665,82.3747,1.0027
151,2022-08-01,1.0233,1.0000,135.3800,1.3076,8.0329,1333.3000,1.4535,63.4964,1.6160,0.8370,80.9335,0.9717
152,2022-09-01,1.0004,1.0000,139.3400,1.3169,7.8511,1353.6900,1.4651,60.2611,1.6389,0.8647,79.6195,0.9802
153,2022-10-01,0.9537,1.0000,138.0374,1.3072,7.4731,1363.9697,1.4668,52.7379,1.6692,0.8643,77.1694,0.9310
154,2022-11-01,0.9901,1.0000,146.5446,1.3465,7.7723,1401.8119,1.5446,60.8911,1.6931,0.8614,81.7327,0.9901
155,2022-12-01,1.0526,1.0000,142.9579,1.4105,8.1895,1373.1789,1.5474,64.4211,1.6526,0.8632,85.4421,0.9895
156,2010-01-15,1.4374,1.0000,130.7600,1.4752,11.1536,1614.2900,1.5547,42.5015,1.9497,0.8810,65.7000,1.4756
157,2010-02-15,1.3607,1.0000,122.4200,1.4253,10.5736,1572.9600,1.5304,41.1370,1.9510,0.8676,63.0340,1.4661
158,2010-03-15,1.3705,1.0000,124.3000,1.3972,10.6338,1555.3800,1.5022,40.2696,1.9567,0.9105,62.4850,1.4527
159,2010-04-15,1.3544,1.0000,126.1800,1.3536,10.5119,1500.1800,1.4513,39.3300,1.8972,0.8773,60.1920,1.4343
160,2010-05-15,1.1844,1.0000,125.7161,1.5609,9.1792,1320.3158,1.6261,35.6459,1.7710,0.9246,87.0966,1.0764
161,2010-06-15,1.2258,1.0000,111.7700,1.2629,9.5500,1505.7700,1.4301,38.4800,1.7668,0.8320,57.0310,1.3998
162,2010-07-15,1.2828,1.0000,113.1100,1.3201,9.9669,1543.1400,1.4504,39.1644,1.7703,0.8357,59.7960,1.3420
163,2010-08-15,1.2821,1.0000,110.3828,1.3335,9.9654,1517.5605,1.4228,39.1984,1.7967,0.8203,59.5621,1.3445
164,2010-09-15,1.2989,1.0000,111.0400,1.3335,10.0888,1506.0000,1.3863,40.1000,1.7753,0.8355,60.2050,1.3019
165,2010-10-15,1.4089,1.0000,114.2800,1.4165,10.9300,1564.6400,1.4142,42.5650,1.8565,0.8775,62.1320,1.3423
166,2010-11-15,1.3626,1.0000,113.3100,1.3749,10.5636,1547.2200,1.3822,42.1962,1.7601,0.8479,61.5420,1.3428
167,2010-12-15,1.3360,1.0000,111.8800,1.3440,10.3878,1541.5300,1.3436,40.9375,1.7861,0.8529,60.5640,1.2826
168,2011-01-15,1.3392,1.0000,111.2472,1.3219,10.3791,1491.9534,1.3465,3.9574,2.0025,0.8506,39.2759,1.2981
169,2011-02-15,1.3510,1.0000,113.2100,1.3317,10.5282,1514.2400,1.3503,39.5770,1.7925,0.8375,61.4980,1.3124
170,2011-03-15,1.3884,1.0000,112.3900,1.3779,10.8267,1577.2400,1.4105,40.1025,1.9086,0.8674,62.8200,1.2756
171,2011-04-15,1.4450,1.0000,120.3700,1.3934,11.2342,1573.4200,1.3730,40.6500,1.8152,0.8838,64.0610,1.2897
172,2011-05-15,1.4153,1.0000,114.4419,1.3705,10.9949,1538.8232,1.3391,39.6875,1.7920,0.8737,63.6838,1.2631
173,2011-06-15,1.4292,1.0000,115.5400,1.3862,11.1306,1548.3500,1.3387,39.9470,1.7574,0.8797,63.9710,1.2164
174,2011-07-15,1.4146,1.0000,111.9700,1.3549,11.0241,1497.6900,1.3264,39.7535,1.6815,0.8775,62.9710,1.1577
175,2011-08-15,1.4309,1.0000,109.8700,1.4112,11.1534,1544.3900,1.3750,41.3397,1.7260,0.8770,64.8840,1.1334
176,2011-09-15,1.3795,1.0000,105.6700,1.3635,10.7492,1536.3100,1.3416,42.0550,1.6778,0.8730,65.6020,1.2062
177,2011-10-15,1.3800,1.0000,106.1399,1.4054,10.7308,1596.4795,1.3476,42.7687,1.7309,0.8753,67.6768,1.2369
178,2011-11-15,1.3532,1.0000,104.1600,1.3866,10.5313,1527.9900,1.3351,41.5550,1.7591,0.8535,68.5800,1.2405
179,2011-12-15,1.3019,1.0000,101.3000,1.3480,10.1320,1505.8100,1.3103,41.4665,1.7299,0.8394,69.7000,1.2261
180,2012-01-15,1.2757,1.0000,97.8766,1.2980,9.9104,1464.5642,1.2335,40.3608,1.6032,0.8318,65.7244,1.2071
181,2012-02-15,1.3092,1.0000,102.7300,1.3053,10.1514,1470.3500,1.2195,39.3175,1.5626,0.8348,64.6420,1.2073
182,2012-03-15,1.3057,1.0000,108.8200,1.2960,10.1354,1471.8100,1.2422,38.4130,1.5988,0.8334,65.7750,1.2096
183,2012-04-15,1.3140,1.0000,106.3640,1.3079,10.1872,1490.0942,1.2652,38.7811,1.5959,0.8252,67.6015,1.2008
184,2012-05-15,1.2843,1.0000,102.6500,1.2855,9.9739,1481.0400,1.2836,39.0452,1.6573,0.8001,69.0500,1.2010
185,2012-06-15,1.2596,1.0000,99.2400,1.2901,9.7742,1466.3400,1.2564,40.9368,1.6046,0.8119,69.7980,1.2010
186,2012-07-15,1.2189,1.0000,96.5434,1.2390,9.4496,1402.7203,1.1983,40.0032,1.5313,0.7891,67.4884,1.1991
187,2012-08-15,1.2276,1.0000,96.9800,1.2175,9.5227,1388.9600,1.1725,39.2189,1.5253,0.7826,68.3600,1.2011
188,2012-09-15,1.3095,1.0000,102.2400,1.2628,10.1520,1462.9302,1.2366,40.1130,1.5796,0.8075,72.4811,1.2162
189,2012-10-15,1.2971,1.0000,102.1000,1.2682,10.0540,1439.8200,1.2661,40.1885,1.5895,0.8075,68.7660,1.2091
190,2012-11-15,1.2756,1.0000,103.6600,1.2782,9.8876,1388.0900,1.2350,40.3848,1.5727,0.8055,69.7560,1.2042
191,2012-12-15,1.3077,1.0000,109.5517,1.2871,10.1380,1404.5966,1.2419,40.1313,1.5533,0.8115,71.1331,1.2083
192,2013-01-15,1.3327,1.0000,118.0400,1.3142,10.3323,1408.3600,1.2653,40.3430,1.5886,0.8303,72.7990,1.2358
193,2013-02-15,1.3325,1.0000,124.0300,1.3360,10.3330,1440.1500,1.2895,40.1550,1.5703,0.8604,72.3550,1.2303
194,2013-03-15,1.3086,1.0000,125.5600,1.3352,10.1525,1452.8900,1.2609,40.0750,1.5888,0.8640,70.6710,1.2308
195,2013-04-15,1.3081,1.0000,127.8300,1.3350,10.1545,1466.5000,1.2573,41.0482,1.5443,0.8529,71.4600,1.2147
196,2013-05-15,1.2864,1.0000,132.0400,1.3133,9.9849,1436.7400,1.3015,40.4920,1.5662,0.8464,70.4527,1.2499
197,2013-06-15,1.3329,1.0000,126.6127,1.3550,10.3438,1501.3209,1.3868,42.7469,1.6544,0.8531,76.6923,1.2346
198,2013-07-15,1.3012,1.0000,130.6800,1.3568,10.0950,1461.4800,1.4380,42.5440,1.6803,0.8647,77.9350,1.2394
199,2013-08-15,1.3297,1.0000,130.4800,1.3732,10.3113,1487.4600,1.4525,43.8225,1.6479,0.8533,81.5370,1.2427
200,2013-09-15,1.3287,1.0000,128.8934,1.3786,10.3001,1444.2268,1.1974,43.5023,1.6377,0.8158,84.6035,1.2446
201,2013-10-15,1.3493,1.0000,132.8900,1.3975,10.4629,1439.5300,1.4167,43.5645,1.6120,0.8464,83.1440,1.2361
202,2013-11-15,1.3460,1.0000,134.9900,1.4085,10.4363,1431.7900,1.4422,43.9833,1.6216,0.8377,84.9600,1.2346
203,2013-12-15,1.3723,1.0000,148.7661,1.6368,10.6385,1446.6125,1.3374,45.1171,1.6666,0.8459,85.3999,1.2228
204,2014-01-15,1.3606,1.0000,141.8600,1.4905,10.5504,1446.2600,1.5263,45.5004,1.6280,0.8302,83.7358,1.2354
205,2014-02-15,1.3662,1.0000,139.1439,1.4977,10.5913,1452.3648,1.5123,48.0731,1.6315,0.8177,84.9704,1.2188
206,2014-03-15,1.3955,1.0000,141.8541,1.5483,10.8407,1497.0912,1.5470,50.8734,1.6332,0.8396,85.6251,1.2206
207,2014-04-15,1.3803,1.0000,140.6200,1.5171,10.7028,1437.0900,1.4697,49.7226,1.5932,0.8251,83.1389,1.2162
208,2014-05-15,1.3659,1.0000,139.1700,1.4845,10.5882,1401.7800,1.4589,47.4450,1.5786,0.8152,80.9842,1.2227
209,2014-06-15,1.3522,1.0000,136.9124,1.4925,10.4834,1377.0150,1.4471,46.4689,1.5611,0.8106,80.1885,1.2282
210,2014-07-15,1.3613,1.0000,138.2800,1.4611,10.5501,1397.9600,1.4522,46.7311,1.5465,0.7931,81.8277,1.2142
211,2014-08-15,1.3388,1.0000,137.3300,1.4593,10.3765,1362.3500,1.4362,48.1435,1.5755,0.8022,81.4881,1.2114
212,2014-09-15,1.2911,1.0000,138.4800,1.4313,10.0071,1341.0700,1.4311,49.3255,1.5812,0.7950,78.9211,1.2099
213,2014-10-15,1.2666,1.0000,135.5000,1.4405,9.8240,1345.2500,1.4527,51.6883,1.6150,0.7957,77.8009,1.2072
214,2014-11-15,1.2465,1.0000,144.9807,1.4177,9.6640,1370.2060,1.4343,59.0742,1.5864,0.7949,76.8724,1.2016
215,2014-12-15,1.2426,1.0000,147.6700,1.4407,9.6334,1368.9400,1.5128,74.7717,1.6062,0.7936,78.5820,1.2011
216,2015-01-15,1.1708,1.0000,136.4800,1.3855,9.0751,1262.9500,1.4143,75.4100,1.4883,0.7672,72.3361,1.0280
217,2015-02-15,1.1425,1.0000,136.3414,1.4352,8.8577,1255.0393,1.4820,74.3628,1.5310,0.7419,71.1237,1.0590
218,2015-03-15,1.0640,1.0000,129.5520,1.3651,8.2654,1207.8106,1.3901,64.6327,1.4500,0.7182,66.8844,1.0607
219,2015-04-15,1.0579,1.0000,126.5200,1.3277,8.2004,1159.5000,1.3945,53.6110,1.4104,0.7168,65.9826,1.0321
220,2015-05-15,1.1328,1.0000,135.7800,1.3636,8.7803,1234.4800,1.4159,56.7475,1.5237,0.7211,72.1159,1.0463
221,2015-06-15,1.1218,1.0000,138.5400,1.3845,8.6972,1253.5000,1.4466,61.5060,1.6053,0.7234,71.9831,1.0512
222,2015-07-15,1.1009,1.0000,135.9500,1.4030,8.5330,1258.9600,1.4753,62.4150,1.6445,0.7045,69.8218,1.0439
223,2015-08-15,1.1113,1.0000,138.1343,1.4522,8.6158,1313.3980,1.5042,71.2603,1.6984,0.7121,72.3678,1.0844
224,2015-09-15,1.1320,1.0000,135.4400,1.4984,8.7731,1335.5400,1.5885,75.4818,1.7877,0.7346,75.1238,1.0971
225,2015-10-15,1.1439,1.0000,135.2300,1.4756,8.8652,1282.8900,1.5612,71.0735,1.6683,0.7397,74.1533,1.0873
226,2015-11-15,1.0714,1.0000,131.7712,1.4225,8.3036,1240.9418,1.5013,70.4458,1.6381,0.7055,71.0445,1.0768
227,2015-12-15,1.0990,1.0000,132.9700,1.5069,8.5173,1292.3400,1.5200,77.4920,1.6186,0.7252,73.5161,1.0831
228,2016-01-15,1.0914,1.0000,127.8000,1.5849,8.5057,1328.9700,1.5895,84.6924,1.7103,0.7615,73.9860,1.0951
229,2016-02-15,1.1180,1.0000,127.6000,1.5454,8.7036,1352.1500,1.5624,86.3193,1.6772,0.7720,76.1045,1.1009
230,2016-03-15,1.1109,1.0000,125.3600,1.4832,8.6199,1326.8000,1.4877,78.7265,1.6709,0.7836,74.8283,1.0954
231,2016-04-15,1.1284,1.0000,122.9100,1.4535,8.7527,1295.1200,1.4648,75.0125,1.6334,0.7958,75.1425,1.0919
232,2016-05-15,1.1393,1.0000,124.4349,1.4632,8.8404,1324.4821,1.5537,73.7598,1.6704,0.7881,75.9285,1.1060
233,2016-06-15,1.1230,1.0000,119.2900,1.4438,8.7162,1316.0800,1.5188,73.7390,1.5974,0.7916,75.3670,1.0817
234,2016-07-15,1.1128,1.0000,117.6300,1.4317,8.6283,1260.0600,1.4538,70.3711,1.5534,0.8328,74.5850,1.0899
235,2016-08-15,1.1180,1.0000,112.9700,1.4446,8.6725,1229.0600,1.4577,71.8869,1.5498,0.8668,74.7779,1.0893
236,2016-09-15,1.1254,1.0000,114.9800,1.4831,8.7311,1267.8900,1.5037,73.1961,1.5442,0.8520,75.3090,1.0941
237,2016-10-15,1.1017,1.0000,114.1522,1.4583,8.5470,1237.9731,1.4545,68.9700,1.5597,0.8990,73.3029,1.0897
238,2016-11-15,1.0765,1.0000,116.5500,1.4560,8.3504,1255.1500,1.4240,70.2005,1.5144,0.8664,72.9385,1.0758
239,2016-12-15,1.0419,1.0000,123.0300,1.3902,8.0851,1235.8300,1.4109,64.3953,1.4752,0.8360,70.6425,1.0733
240,2017-01-15,1.0651,1.0000,121.7574,1.3911,8.2593,1261.8179,1.4199,63.0872,1.4974,0.8674,72.5121,1.0730
241,2017-02-15,1.0555,1.0000,120.8500,1.3809,8.1923,1205.3500,1.3761,60.9795,1.4705,0.8500,70.6005,1.0652
242,2017-03-15,1.0622,1.0000,121.7700,1.4291,8.2527,1217.2800,1.3992,62.7435,1.5277,0.8707,69.7475,1.0715
243,2017-04-15,1.0623,1.0000,115.6900,1.4147,8.2595,1212.1568,1.4038,59.7992,1.5196,0.8492,68.4531,1.0672
244,2017-05-15,1.0972,1.0000,124.4500,1.4931,8.5440,1225.5700,1.4741,61.7094,1.5875,0.8493,70.2725,1.0944
245,2017-06-15,1.1166,1.0000,122.9500,1.4826,8.7118,1263.0700,1.4722,64.3175,1.5505,0.8764,72.1420,1.0874
246,2017-07-15,1.1388,1.0000,128.6436,1.4503,8.8943,1294.1098,1.4721,68.1658,1.5528,0.8811,73.3822,1.1001
247,2017-08-15,1.1744,1.0000,129.6700,1.4960,9.1874,1336.4300,1.4980,70.4414,1.6121,0.9115,75.3025,1.1417
248,2017-09-15,1.1963,1.0000,132.9200,1.4520,9.3506,1353.0300,1.4911,68.8226,1.6407,0.8804,76.6625,1.1480
249,2017-10-15,1.1854,1.0000,133.1801,1.4787,9.2557,1343.2357,1.5166,68.4375,1.6662,0.8994,77.1507,1.1555
250,2017-11-15,1.1840,1.0000,133.4500,1.5103,9.2435,1306.2100,1.5582,71.2570,1.7145,0.8991,77.2150,1.1675
251,2017-12-15,1.1806,1.0000,132.4500,1.5070,9.2223,1284.7300,1.5382,69.5043,1.6803,0.8825,75.6085,1.1669
252,2018-01-15,1.2277,1.0000,135.8100,1.5263,9.6050,1305.7400,1.5434,69.2832,1.6828,0.8904,77.9805,1.1799
253,2018-02-15,1.2493,1.0000,133.1100,1.5604,9.7723,1330.7500,1.5757,70.8097,1.6909,0.8866,79.8490,1.1545
254,2018-03-15,1.2341,1.0000,130.9000,1.6025,9.6773,1314.6100,1.5735,70.6343,1.6915,0.8848,80.1550,1.1689
255,2018-04-15,1.2337,1.0000,132.2017,1.5528,9.6846,1319.5929,1.5911,76.0353,1.6715,0.8697,80.5664,1.1877
256,2018-05-15,1.1883,1.0000,130.7700,1.5253,9.3280,1279.1200,1.5857,73.8220,1.7222,0.8790,80.8720,1.1910
257,2018-06-15,1.1596,1.0000,128.3100,1.5223,9.1020,1272.9300,1.5518,72.5401,1.6676,0.8732,78.8705,1.1575
258,2018-07-15,1.1665,1.0000,131.3426,1.5394,9.1546,1313.3995,1.5813,72.4720,1.7259,0.8834,79.9547,1.1649
259,2018-08-15,1.1321,1.0000,125.6700,1.4833,8.8869,1285.4900,1.5669,75.9875,1.7267,0.8913,79.1635,1.1289
260,2018-09-15,1.1621,1.0000,129.5808,1.5121,9.1209,1304.4189,1.6173,79.5090,1.7742,0.8900,83.8880,1.1268
261,2018-10-15,1.1581,1.0000,129.5300,1.5085,9.0767,1307.6100,1.6231,75.9240,1.7723,0.8804,85.4735,1.1428
262,2018-11-15,1.1305,1.0000,128.1600,1.4949,8.8558,1277.9900,1.5564,75.2446,1.6601,0.8837,81.3700,1.1365
263,2018-12-15,1.1377,1.0000,129.0603,1.5216,8.8865,1278.0756,1.5747,75.6170,1.6574,0.8992,81.5598,1.1285
264,2019-01-15,1.1424,1.0000,124.0200,1.5154,8.9594,1283.2600,1.5884,76.6722,1.6757,0.8902,81.2310,1.1266
265,2019-02-15,1.1260,1.0000,124.4500,1.4959,8.8370,1269.3200,1.5836,75.0816,1.6432,0.8794,80.3610,1.1340
266,2019-03-15,1.1308,1.0000,126.1600,1.5118,8.8766,1284.6500,1.5988,73.9233,1.6532,0.8541,78.0740,1.1360
267,2019-04-15,1.1313,1.0000,126.6600,1.5060,8.8685,1281.3700,1.5761,72.7011,1.6729,0.8631,78.5405,1.1345
268,2019-05-15,1.1183,1.0000,122.2400,1.5075,8.7784,1331.3100,1.6166,72.4794,1.7067,0.8682,78.6785,1.1276
269,2019-06-15,1.1286,1.0000,122.4367,1.5013,8.8348,1335.1659,1.6344,72.9005,1.7200,0.8908,78.4941,1.1209
270,2019-07-15,1.1269,1.0000,121.6200,1.4684,8.8201,1329.0000,1.6023,70.5998,1.6751,0.8987,77.2205,1.1071
271,2019-08-15,1.1150,1.0000,118.3700,1.4841,8.7440,1353.1100,1.6442,73.7771,1.7311,0.9186,79.5205,1.0863
272,2019-09-15,1.1024,1.0000,118.9271,1.4541,8.6298,1308.2296,1.6032,71.6908,1.7147,0.8947,78.5253,1.0918
273,2019-10-15,1.1007,1.0000,119.2300,1.4562,8.6351,1305.5100,1.6293,70.9456,1.7551,0.8706,78.6960,1.0977
274,2019-11-15,1.1034,1.0000,119.9500,1.4608,8.6361,1285.3400,1.6221,70.3938,1.7255,0.8566,79.1630,1.0924
275,2019-12-15,1.1132,1.0000,120.9378,1.4660,8.6899,1321.1921,1.6154,70.3238,1.6898,0.8446,78.8566,1.0941
276,2020-01-15,1.1142,1.0000,122.4300,1.4565,8.6591,1289.2200,1.6188,68.4386,1.6905,0.8568,78.8825,1.0751
277,2020-02-15,1.0842,1.0000,119.0446,1.4371,8.4208,1281.4114,1.6120,68.7967,1.6846,0.8314,77.3559,1.0632
278,2020-03-15,1.1231,1.0000,116.4999,1.5522,8.7369,1355.1544,1.7596,84.4034,1.8090,0.8826,83.3482,1.0550
279,2020-04-15,1.0903,1.0000,117.1200,1.5330,8.4513,1330.5400,1.7299,81.2045,1.8223,0.8739,83.4140,1.0534
280,2020-05-15,1.0798,1.0000,115.5300,1.5231,8.3693,1332.6000,1.6805,79.6208,1.8145,0.8874,81.9885,1.0513
281,2020-06-15,1.1253,1.0000,120.8300,1.5342,8.7211,1366.0800,1.6476,78.8516,1.7471,0.8965,85.5275,1.0679
282,2020-07-15,1.1444,1.0000,122.2500,1.5527,8.8718,1373.5500,1.6293,81.0468,1.7397,0.9054,85.9710,1.0783
283,2020-08-15,1.1845,1.0000,126.5293,1.5664,9.1799,1401.6010,1.6513,86.9350,1.8025,0.9040,88.6527,1.0781
284,2020-09-15,1.1892,1.0000,125.3900,1.5634,9.2164,1400.7300,1.6219,89.1013,1.7675,0.9210,87.5205,1.0768
285,2020-10-15,1.1698,1.0000,123.1500,1.5453,9.0660,1344.0800,1.6554,91.4345,1.7762,0.9053,85.9510,1.0697
286,2020-11-15,1.1815,1.0000,123.9463,1.5553,9.1631,1317.0820,1.6343,91.2977,1.7333,0.9003,88.0943,1.0808
287,2020-12-15,1.2140,1.0000,126.0800,1.5473,9.4110,1327.6900,1.6113,89.4183,1.7174,0.9080,89.3400,1.0770
288,2021-01-15,1.2123,1.0000,125.7400,1.5413,9.4005,1333.6000,1.5680,89.0364,1.6896,0.8900,88.6365,1.0770
289,2021-02-15,1.2129,1.0000,127.7200,1.5346,9.4033,1337.1200,1.5602,88.9548,1.6785,0.8722,88.0680,1.0802
290,2021-03-15,1.1920,1.0000,130.1700,1.4874,9.2553,1351.9700,1.5419,87.1471,1.6588,0.8567,86.4925,1.1084
291,2021-04-15,1.1970,1.0000,130.1400,1.4955,9.2984,1335.3000,1.5448,92.2336,1.6716,0.8675,89.8010,1.1046
292,2021-05-15,1.2123,1.0000,131.6539,1.4708,9.4148,1359.4393,1.5455,89.6048,1.6657,0.8669,89.2169,1.0920
293,2021-06-15,1.2108,1.0000,133.2800,1.4758,9.3991,1354.1000,1.5742,87.2350,1.6987,0.8615,88.8031,1.0899
294,2021-07-15,1.1809,1.0000,129.9300,1.4808,9.1726,1350.1300,1.5876,87.5176,1.6888,0.8519,88.0510,1.0828
295,2021-08-15,1.1765,1.0000,129.7755,1.4726,9.1591,1373.6430,1.6023,86.6143,1.6789,0.8525,87.3142,1.0848
296,2021-09-15,1.1824,1.0000,129.1100,1.5004,9.2021,1380.7700,1.6153,85.9738,1.6666,0.8551,86.8625,1.0845
297,2021-10-15,1.1602,1.0000,132.6500,1.4342,9.0258,1371.2100,1.5640,82.6325,1.6445,0.8437,86.9670,1.0729
298,2021-11-15,1.1444,1.0000,130.3200,1.4334,8.9156,1350.3600,1.5537,82.8109,1.6174,0.8517,85.1430,1.0533
299,2021-12-15,1.1262,1.0000,128.2500,1.4496,8.7861,1335.4000,1.5763,83.0838,1.6689,0.8498,86.0345,1.0416
300,2022-01-15,1.1447,1.0000,130.1581,1.4337,8.9143,1357.9833,1.5813,87.2814,1.6685,0.8360,84.9039,1.0433
301,2022-02-15,1.1345,1.0000,131.1800,1.4433,8.8527,1357.5000,1.5888,85.5025,1.7143,0.8377,85.4430,1.0483
302,2022-03-15,1.0991,1.0000,129.6700,1.4099,8.6026,1366.0500,1.5234,122.5302,1.6216,0.8405,83.9555,1.0322
303,2022-04-15,1.0878,1.0000,137.4979,1.3707,8.5164,1337.5594,1.4586,87.0715,1.6053,0.8284,82.4346,1.0171
304,2022-05-15,1.0396,1.0000,134.0259,1.3511,8.1597,1332.8809,1.5094,67.7165,1.6619,0.8506,80.3364,1.0421
305,2022-06-15,1.0431,1.0000,140.4900,1.3498,8.1883,1346.8600,1.5051,59.9736,1.6706,0.8633,81.5142,1.0435
306,2022-07-15,1.0059,1.0000,139.4900,1.3147,7.8963,1333.7900,1.4886,58.0050,1.6377,0.8499,80.3160,0.9849
307,2022-08-15,1.0195,1.0000,135.6100,1.3167,7.9899,1336.3500,1.4508,62.5715,1.6002,0.8438,81.0610,0.9631
308,2022-09-15,0.9992,1.0000,143.4300,1.3172,7.8423,1397.1800,1.4853,59.7273,1.6689,0.8693,79.7119,0.9572
309,2022-10-15,0.9782,1.0000,144.1988,1.3429,7.6773,1397.3950,1.5465,62.7509,1.7280,0.8642,80.7233,0.9777
310,2022-11-15,1.0417,1.0000,144.9375,1.3854,8.1458,1367.2188,1.5417,63.2292,1.6875,0.8750,84.2604,0.9792
311,2022-12-15,1.0638,1.0000,146.4468,1.4468,8.2660,1402.3298,1.5851,67.8723,1.6702,0.8723,88.1809,0.9894
312,2010-01-08,1.4273,1.0000,133.3600,1.4781,11.0699,1614.0100,1.5610,42.5000,1.9566,0.8934,65.3100,1.4815
313,2010-02-08,1.3675,1.0000,122.0700,1.4640,10.6263,1602.6000,1.5765,41.7060,1.9914,0.8761,64.0130,1.4659
314,2010-03-08,1.3662,1.0000,123.4800,1.4023,10.6001,1547.2800,1.4970,40.6165,1.9457,0.9024,62.1050,1.4628
315,2010-04-08,1.3296,1.0000,123.7600,1.3407,10.3181,1493.5300,1.4394,39.1742,1.8935,0.8750,59.1295,1.4324
316,2010-05-08,1.2784,1.0000,117.7874,1.3460,9.9077,1477.3824,1.4385,38.6389,1.8020,0.8731,58.3100,1.4243
317,2010-06-08,1.1942,1.0000,109.3200,1.2576,9.3202,1473.1500,1.4579,38.0070,1.8039,0.8280,56.0650,1.3793
318,2010-07-08,1.2660,1.0000,111.4900,1.3213,9.8599,1530.7800,1.4471,39.1400,1.7893,0.8356,59.3280,1.3321
319,2010-08-08,1.3218,1.0000,113.7176,1.3435,10.2599,1538.9785,1.4444,39.3590,1.8149,0.8323,61.0285,1.3857
320,2010-09-08,1.2697,1.0000,106.4100,1.3310,9.8677,1489.2100,1.3845,39.2301,1.7626,0.8220,59.2399,1.2837
321,2010-10-08,1.3874,1.0000,114.2100,1.4168,10.7641,1565.9700,1.4252,41.5930,1.8598,0.8751,61.6350,1.3420
322,2010-11-08,1.3917,1.0000,112.8800,1.3960,10.7880,1549.2400,1.3770,42.8150,1.7680,0.8627,61.8200,1.3435
323,2010-12-08,1.3200,1.0000,111.0800,1.3361,10.2555,1512.3900,1.3480,41.2400,1.7630,0.8367,59.5283,1.3060
324,2011-01-08,1.3236,1.0000,110.4653,1.3199,10.2907,1482.9032,1.3324,40.5387,1.7455,0.8571,59.9902,1.2789
325,2011-02-08,1.3635,1.0000,112.0900,1.3502,10.6097,1504.3400,1.3457,39.9615,1.7587,0.8486,61.7630,1.3030
326,2011-03-08,1.3898,1.0000,114.6400,1.3539,10.8263,1555.9300,1.3778,39.2993,1.8793,0.8605,62.6640,1.2949
327,2011-04-08,1.4401,1.0000,122.8000,1.3741,11.1889,1559.1900,1.3687,40.4165,1.8446,0.8809,63.4720,1.3163
328,2011-05-08,1.4828,1.0000,119.6459,1.4316,11.5196,1606.2289,1.3868,40.4200,1.8754,0.9058,65.9385,1.3031
329,2011-06-08,1.4608,1.0000,116.6000,1.4332,11.3662,1586.3200,1.3776,40.5525,1.7922,0.8929,65.3010,1.2224
330,2011-07-08,1.4242,1.0000,115.9800,1.3645,11.0824,1505.5600,1.3231,39.8226,1.7111,0.8932,63.2270,1.2102
331,2011-08-08,1.4225,1.0000,110.7900,1.4029,11.1039,1542.1800,1.3730,40.7704,1.7141,0.8691,63.9700,1.0849
332,2011-09-08,1.4044,1.0000,108.4100,1.3825,10.9476,1509.3300,1.3212,41.5153,1.6815,0.8767,64.8760,1.2135
333,2011-10-08,1.3347,1.0000,102.3320,1.3892,10.3885,1577.3560,1.3651,43.2890,1.7282,0.8603,65.6090,1.2293
334,2011-11-08,1.3788,1.0000,107.5100,1.3974,10.7134,1539.1200,1.3339,41.6468,1.7351,0.8580,68.2230,1.2382
335,2011-12-08,1.3410,1.0000,103.7200,1.3523,10.4260,1518.6000,1.3011,42.0400,1.7147,0.8528,69.3630,1.2373
336,2012-01-08,1.2839,1.0000,98.5231,1.3197,9.9674,1493.6581,1.2515,41.1581,1.6496,0.8321,67.9497,1.2262
337,2012-02-08,1.3274,1.0000,102.1100,1.3199,10.2927,1480.9100,1.2251,39.5590,1.5814,0.8349,65.2350,1.2114
338,2012-03-08,1.3242,1.0000,108.1800,1.3178,10.2720,1477.4300,1.2441,39.3346,1.6045,0.8387,66.7463,1.2050
339,2012-04-08,1.3067,1.0000,107.6513,1.2960,10.1512,1479.2402,1.2661,38.4972,1.5947,0.8237,66.7805,1.2015
340,2012-05-08,1.3025,1.0000,104.0100,1.2968,10.1095,1479.9800,1.2830,39.1120,1.6456,0.8064,69.1875,1.2014
341,2012-06-08,1.2468,1.0000,98.9000,1.2894,9.6723,1464.5800,1.2665,40.8070,1.6314,0.8080,69.1540,1.2012
342,2012-07-08,1.2385,1.0000,98.9181,1.2574,9.6016,1410.0948,1.2064,40.4056,1.5523,0.7969,68.7335,1.2017
343,2012-08-08,1.2336,1.0000,96.6800,1.2309,9.5679,1396.3000,1.1704,39.2460,1.5177,0.7888,68.3600,1.2012
344,2012-09-08,1.2614,1.0000,99.5592,1.2379,9.7795,1425.5934,1.2210,40.6570,1.5697,0.7899,69.9310,1.2064
345,2012-10-08,1.2958,1.0000,101.4500,1.2683,10.0476,1442.0200,1.2721,40.3506,1.5854,0.8084,68.1840,1.2110
346,2012-11-08,1.2736,1.0000,101.7400,1.2690,9.8719,1388.0500,1.2230,40.1530,1.5591,0.7965,69.2390,1.2058
347,2012-12-08,1.3063,1.0000,107.6006,1.2957,10.1272,1412.8282,1.2469,40.3039,1.5704,0.8142,71.0135,1.2213
348,2013-01-08,1.3086,1.0000,114.5600,1.2899,10.1435,1390.6300,1.2466,39.6090,1.5660,0.8145,72.0580,1.2092
349,2013-02-08,1.3374,1.0000,123.5200,1.3361,10.3723,1461.8000,1.2942,40.3840,1.5962,0.8464,71.5580,1.2282
350,2013-03-08,1.3090,1.0000,125.5000,1.3470,10.1525,1427.2300,1.2738,40.1213,1.5789,0.8710,71.1770,1.2355
351,2013-04-08,1.3023,1.0000,128.4600,1.3244,10.1107,1489.2100,1.2503,40.7450,1.5405,0.8509,71.0240,1.2168
352,2013-05-08,1.3135,1.0000,129.8900,1.3190,10.1934,1421.5500,1.2873,40.9017,1.5629,0.8469,71.0930,1.2336
353,2013-06-08,1.3111,1.0000,126.4591,1.3465,10.1858,1463.9671,1.3810,42.0883,1.6468,0.8420,74.8113,1.2194
354,2013-07-08,1.2850,1.0000,130.0400,1.3567,9.9662,1475.6500,1.4145,42.7520,1.6573,0.8616,78.0700,1.2404
355,2013-08-08,1.3360,1.0000,128.6800,1.3909,10.3626,1486.9700,1.4726,44.0086,1.6747,0.8620,81.3110,1.2307
356,2013-09-08,1.3213,1.0000,114.9921,1.3808,10.2439,1444.3616,1.2325,44.1072,1.6517,0.8472,86.2087,1.2337
357,2013-10-08,1.3576,1.0000,131.9400,1.3994,10.5271,1458.1200,1.4316,43.7462,1.6303,0.8427,83.8930,1.2284
358,2013-11-08,1.3431,1.0000,131.5800,1.4042,10.4113,1427.5100,1.4193,43.7160,1.6101,0.8353,84.3000,1.2302
359,2013-12-08,1.3658,1.0000,148.4498,1.6295,10.5885,1443.8240,1.3246,45.0038,1.6486,0.8423,84.3238,1.2267
360,2014-01-08,1.3594,1.0000,142.3300,1.4692,10.5416,1450.3800,1.5212,45.0019,1.6373,0.8277,84.3200,1.2383
361,2014-02-08,1.3518,1.0000,137.9338,1.4956,10.4796,1451.3539,1.5118,46.9513,1.6415,0.8272,84.3604,1.2187
362,2014-03-08,1.3874,1.0000,142.7500,1.5245,10.7782,1471.0744,1.5215,54.5235,1.6315,0.8280,84.7017,1.2187
363,2014-04-08,1.3774,1.0000,140.9000,1.5055,10.6809,1445.2900,1.4760,48.9420,1.5885,0.8242,82.8162,1.2200
364,2014-05-08,1.3953,1.0000,141.9500,1.5175,10.8159,1426.6600,1.4857,48.9550,1.6122,0.8233,83.6385,1.2178
365,2014-06-08,1.3635,1.0000,138.1899,1.4960,10.5710,1391.1731,1.4703,47.2578,1.6047,0.8145,80.6595,1.2269
366,2014-07-08,1.3589,1.0000,138.2600,1.4508,10.5317,1375.8800,1.4459,46.5133,1.5480,0.7938,81.2529,1.2155
367,2014-08-08,1.3388,1.0000,136.4500,1.4614,10.3772,1381.2500,1.4419,48.5790,1.5791,0.7967,81.9212,1.2137
368,2014-09-08,1.2947,1.0000,136.3200,1.4119,10.0342,1328.1600,1.3870,48.0850,1.5590,0.8024,78.0040,1.2069
369,2014-10-08,1.2645,1.0000,136.9700,1.4131,9.8080,1360.5800,1.4416,50.5925,1.6210,0.7870,77.6300,1.2132
370,2014-11-08,1.2520,1.0000,144.3490,1.4313,9.7059,1369.9232,1.4565,57.3848,1.6149,0.7914,77.0988,1.2163
371,2014-12-08,1.2258,1.0000,148.4500,1.4027,9.5013,1367.6500,1.4789,65.6218,1.6037,0.7845,75.9015,1.2023
372,2015-01-08,1.1768,1.0000,141.0000,1.3905,9.1265,1291.6200,1.4518,72.3732,1.5113,0.7811,73.6300,1.2010
373,2015-02-08,1.1425,1.0000,134.0612,1.4263,8.8577,1242.2012,1.4632,76.7628,1.5537,0.7475,70.6491,1.0506
374,2015-03-08,1.1000,1.0000,131.5390,1.3738,8.5282,1210.2981,1.4133,65.9940,1.4943,0.7273,68.4500,1.0712
375,2015-04-08,1.0862,1.0000,130.0900,1.3487,8.4183,1184.5900,1.4078,58.6005,1.4315,0.7264,67.6105,1.0438
376,2015-05-08,1.1221,1.0000,134.9000,1.3581,8.7002,1227.0800,1.4181,56.9050,1.5085,0.7280,71.8031,1.0385
377,2015-06-08,1.1162,1.0000,139.8400,1.3879,8.6536,1252.0800,1.4615,62.3147,1.5776,0.7318,71.5360,1.0470
378,2015-07-08,1.1024,1.0000,133.8800,1.4048,8.5472,1249.4900,1.4866,62.9475,1.6484,0.7173,70.1086,1.0463
379,2015-08-08,1.0925,1.0000,136.3166,1.4330,8.4697,1273.9018,1.4827,69.7425,1.6658,0.7038,69.7141,1.0741
380,2015-09-08,1.1162,1.0000,133.8200,1.4757,8.6514,1334.0700,1.5976,76.0808,1.7747,0.7244,74.2300,1.0920
381,2015-10-08,1.1254,1.0000,134.9200,1.4683,8.7220,1305.4900,1.5664,70.3304,1.7050,0.7366,73.2592,1.0935
382,2015-11-08,1.0873,1.0000,132.5955,1.4307,8.4272,1237.8709,1.5235,68.7715,1.6436,0.7065,71.4788,1.0828
383,2015-12-08,1.0875,1.0000,133.6400,1.4793,8.4286,1287.0200,1.5099,75.9200,1.6430,0.7271,72.6871,1.0820
384,2016-01-08,1.0861,1.0000,128.5100,1.5321,8.4312,1304.7800,1.5495,80.4134,1.6450,0.7452,72.4206,1.0860
385,2016-02-08,1.1101,1.0000,129.1100,1.5487,8.6481,1343.4100,1.5726,85.8419,1.6802,0.7724,75.5245,1.1051
386,2016-03-08,1.1028,1.0000,124.6000,1.4695,8.5656,1329.8700,1.4794,79.0929,1.6302,0.7761,74.2265,1.0952
387,2016-04-08,1.1363,1.0000,123.3600,1.4861,8.8166,1310.4300,1.5091,76.5414,1.6757,0.8073,75.6770,1.0874
388,2016-05-08,1.1426,1.0000,122.5775,1.4677,8.8673,1330.4008,1.5281,75.3097,1.6607,0.7903,76.0306,1.1017
389,2016-06-08,1.1378,1.0000,121.7700,1.4430,8.8338,1311.3800,1.5228,72.5458,1.6226,0.7805,75.7210,1.0942
390,2016-07-08,1.1070,1.0000,111.1700,1.4406,8.5866,1280.9100,1.4731,70.9558,1.5221,0.8524,74.5132,1.0855
391,2016-08-08,1.1087,1.0000,113.5900,1.4573,8.5999,1229.3800,1.4520,71.8090,1.5548,0.8495,74.1000,1.0883
392,2016-09-08,1.1296,1.0000,114.8000,1.4546,8.7615,1230.8700,1.4632,72.1488,1.5158,0.8456,74.9830,1.0917
393,2016-10-08,1.1130,1.0000,115.5349,1.4753,8.6147,1241.3956,1.4692,69.3441,1.5612,0.8952,74.3089,1.0924
394,2016-11-08,1.1038,1.0000,115.6600,1.4756,8.5597,1253.7500,1.4332,70.4040,1.5060,0.8909,73.5085,1.0778
395,2016-12-08,1.0762,1.0000,122.6100,1.4222,8.3475,1250.0300,1.4406,68.1900,1.4973,0.8499,72.5055,1.0853
396,2017-01-08,1.0496,1.0000,122.4048,1.3960,8.1392,1245.0288,1.4400,62.4459,1.5075,0.8531,71.3325,1.0714
397,2017-02-08,1.0665,1.0000,119.3900,1.4020,8.2745,1220.6400,1.3960,63.1825,1.4600,0.8531,71.6095,1.0637
398,2017-03-08,1.0556,1.0000,120.6500,1.4193,8.1982,1216.3600,1.3968,61.7573,1.5219,0.8675,70.4960,1.0702
399,2017-04-08,1.0665,1.0000,118.2431,1.4324,8.2859,1208.5444,1.4114,60.1254,1.5292,0.8562,68.9321,1.0702
400,2017-05-08,1.0938,1.0000,123.1000,1.4986,8.5152,1239.2900,1.4791,63.6825,1.5802,0.8447,70.3455,1.0878
401,2017-06-08,1.1229,1.0000,123.7700,1.5175,8.7551,1261.4200,1.4894,64.0135,1.5575,0.8676,72.1365,1.0856
402,2017-07-08,1.1366,1.0000,128.7537,1.4698,8.8776,1315.4577,1.4970,68.2889,1.5639,0.8771,73.6007,1.0973
403,2017-08-08,1.1814,1.0000,130.3100,1.4959,9.2424,1329.8200,1.4882,70.8912,1.6036,0.9068,75.1865,1.1478
404,2017-09-08,1.2060,1.0000,129.5000,1.4577,9.4160,1363.5200,1.4881,68.9650,1.6502,0.9127,76.9245,1.1405
405,2017-10-08,1.1750,1.0000,132.2702,1.4655,9.1753,1341.9073,1.5027,67.5657,1.6424,0.8913,76.4786,1.1477
406,2017-11-08,1.1590,1.0000,131.5400,1.4753,9.0363,1290.3300,1.5094,68.7166,1.6724,0.8841,75.3205,1.1581
407,2017-12-08,1.1742,1.0000,133.2600,1.5072,9.1661,1285.3300,1.5620,69.6511,1.7157,0.8752,75.6775,1.1704
408,2018-01-08,1.1973,1.0000,135.3400,1.4880,9.3656,1277.8700,1.5289,68.3774,1.6702,0.8841,76.0375,1.1709
409,2018-02-08,1.2252,1.0000,134.3100,1.5402,9.5795,1335.3700,1.5694,70.8858,1.6966,0.8751,78.7715,1.1555
410,2018-03-08,1.2421,1.0000,131.8300,1.6044,9.7356,1331.3300,1.5912,70.6686,1.7102,0.8946,80.8980,1.1731
411,2018-04-08,1.2279,1.0000,131.3839,1.5685,9.6383,1301.6802,1.5974,70.6744,1.6854,0.8731,79.8090,1.1793
412,2018-05-08,1.1870,1.0000,129.4500,1.5398,9.3178,1278.9000,1.5929,75.1187,1.7019,0.8793,79.6300,1.1906
413,2018-06-08,1.1754,1.0000,128.6400,1.5274,9.2222,1263.4600,1.5496,73.4773,1.6734,0.8773,79.3420,1.1572
414,2018-07-08,1.1685,1.0000,129.3003,1.5358,9.1697,1306.8690,1.5812,73.8654,1.7235,0.8823,80.5777,1.1597
415,2018-08-08,1.1589,1.0000,128.7200,1.5158,9.0971,1298.5800,1.5647,75.0618,1.7202,0.9009,79.5295,1.1544
416,2018-09-08,1.1627,1.0000,129.3918,1.5322,9.1265,1306.5847,1.6170,79.4683,1.7640,0.8990,83.6131,1.1270
417,2018-10-08,1.1478,1.0000,130.1100,1.4915,8.9874,1304.7700,1.6242,76.7075,1.7795,0.8801,85.0080,1.1396
418,2018-11-08,1.1424,1.0000,129.9000,1.4972,8.9414,1275.8800,1.5668,75.8313,1.6838,0.8716,82.7195,1.1456
419,2018-12-08,1.1338,1.0000,127.8872,1.5219,8.8578,1270.8248,1.5737,75.8587,1.6502,0.8895,80.3898,1.1308
420,2019-01-08,1.1440,1.0000,124.4600,1.5208,8.9671,1288.6200,1.6042,76.7197,1.7023,0.8974,80.2450,1.1232
421,2019-02-08,1.1346,1.0000,124.5700,1.5098,8.9020,1273.9600,1.6006,74.8085,1.6809,0.8749,80.8655,1.1357
422,2019-03-08,1.1222,1.0000,124.7200,1.5099,8.8092,1275.6000,1.5964,74.5885,1.6530,0.8590,78.7330,1.1324
423,2019-04-08,1.1246,1.0000,125.3600,1.5042,8.8247,1288.1100,1.5823,73.2680,1.6694,0.8618,78.3215,1.1245
424,2019-05-08,1.1202,1.0000,123.3100,1.5074,8.7922,1313.4900,1.5987,73.0256,1.6993,0.8609,78.0805,1.1407
425,2019-06-08,1.1234,1.0000,121.5471,1.5062,8.8088,1327.0004,1.6107,73.2355,1.6961,0.8853,77.8428,1.1183
426,2019-07-08,1.1215,1.0000,121.8000,1.4642,8.7482,1322.0700,1.6058,71.5025,1.6888,0.8962,76.8955,1.1127
427,2019-08-08,1.1193,1.0000,118.6400,1.4874,8.7774,1353.1600,1.6483,73.1407,1.7335,0.9212,79.1750,1.0923
428,2019-09-08,1.1037,1.0000,117.6933,1.4561,8.6522,1324.7359,1.6174,72.8391,1.7259,0.8946,79.3098,1.0849
429,2019-10-08,1.0986,1.0000,117.4300,1.4623,8.6178,1316.4100,1.6286,71.6225,1.7373,0.8980,78.1440,1.0898
430,2019-11-08,1.1034,1.0000,120.7200,1.4561,8.6372,1276.6600,1.6065,70.4653,1.7426,0.8616,78.6520,1.0991
431,2019-12-08,1.1091,1.0000,120.7699,1.4616,8.6829,1320.1784,1.6243,70.8275,1.6992,0.8444,79.0728,1.0964
432,2020-01-08,1.1115,1.0000,120.8600,1.4470,8.6424,1297.3700,1.6195,68.6389,1.6739,0.8487,79.7090,1.0792
433,2020-02-08,1.1000,1.0000,120.9175,1.4604,8.5387,1297.9150,1.6299,69.3160,1.7000,0.8485,78.3171,1.0721
434,2020-03-08,1.1183,1.0000,119.5187,1.5005,8.6901,1321.0102,1.6896,74.3982,1.7698,0.8655,81.9865,1.0654
435,2020-04-08,1.0871,1.0000,118.3600,1.5233,8.4277,1324.3600,1.7596,82.1046,1.8194,0.8795,82.8730,1.0557
436,2020-05-08,1.0843,1.0000,115.3400,1.5118,8.4052,1322.4100,1.6613,79.8383,1.7668,0.8753,81.9615,1.0529
437,2020-06-08,1.1285,1.0000,123.4100,1.5126,8.7460,1353.2000,1.6156,77.0563,1.7291,0.8917,85.2410,1.0861
438,2020-07-08,1.1286,1.0000,121.3900,1.5338,8.7468,1348.8600,1.6242,80.4584,1.7237,0.8992,84.6455,1.0624
439,2020-08-08,1.1844,1.0000,124.9970,1.5748,9.1790,1401.8307,1.6494,87.0363,1.7847,0.8992,88.7436,1.0760
440,2020-09-08,1.1785,1.0000,125.2000,1.5523,9.1338,1402.1400,1.6286,90.0213,1.7722,0.9045,87.1060,1.0820
441,2020-10-08,1.1765,1.0000,124.6900,1.5583,9.1181,1355.4800,1.6421,91.0675,1.7856,0.9103,86.1860,1.0799
442,2020-11-08,1.1870,1.0000,122.7807,1.5538,9.2016,1334.5900,1.6349,91.7227,1.7503,0.9043,87.7348,1.0726
443,2020-12-08,1.2114,1.0000,126.1800,1.5508,9.3895,1314.5300,1.6334,88.7640,1.7220,0.9114,89.2030,1.0781
444,2021-01-08,1.2250,1.0000,127.2600,1.5543,9.4982,1337.9000,1.5758,90.8000,1.6883,0.9013,89.7975,1.0827
445,2021-02-08,1.2025,1.0000,126.9700,1.5363,9.3219,1347.7700,1.5693,89.4049,1.6740,0.8783,87.7240,1.0842
446,2021-03-08,1.1866,1.0000,128.9000,1.5035,9.2183,1351.6800,1.5499,88.7408,1.6673,0.8573,87.0475,1.1087
447,2021-04-08,1.1873,1.0000,129.7100,1.4947,9.2356,1324.9100,1.5539,91.4618,1.6855,0.8629,88.5885,1.1021
448,2021-05-08,1.2059,1.0000,130.9589,1.4631,9.3651,1352.2625,1.5373,89.1317,1.6569,0.8623,88.7459,1.0863
449,2021-06-08,1.2182,1.0000,133.2800,1.4706,9.4526,1358.7300,1.5718,88.2824,1.6885,0.8610,88.7780,1.0914
450,2021-07-08,1.1838,1.0000,129.9100,1.4893,9.1967,1361.3400,1.5957,89.0266,1.7048,0.8613,88.6073,1.0851
451,2021-08-08,1.1807,1.0000,129.6970,1.4770,9.1820,1348.9180,1.5986,86.5168,1.6756,0.8482,87.6502,1.0723
452,2021-09-08,1.1827,1.0000,130.3100,1.4982,9.1971,1377.9500,1.6027,86.6260,1.6633,0.8587,87.0105,1.0888
453,2021-10-08,1.1569,1.0000,129.3200,1.4499,9.0066,1381.8000,1.5837,83.2390,1.6686,0.8489,86.7495,1.0734
454,2021-11-08,1.1579,1.0000,131.2900,1.4411,9.0175,1368.5200,1.5621,82.6617,1.6151,0.8548,85.8135,1.0591
455,2021-12-08,1.1299,1.0000,128.5700,1.4281,8.8088,1328.2500,1.5841,83.3019,1.6659,0.8560,85.2345,1.0432
456,2022-01-08,1.1298,1.0000,130.9690,1.4359,8.8104,1358.3168,1.5777,85.7438,1.6732,0.8340,83.8716,1.0410
457,2022-02-08,1.1408,1.0000,131.6800,1.4505,8.8923,1367.8800,1.6025,85.7797,1.7196,0.8436,85.2545,1.0545
458,2022-03-08,1.0892,1.0000,126.0300,1.3978,8.5183,1344.7100,1.4971,143.0075,1.5958,0.8318,83.9240,1.0111
459,2022-04-08,1.0861,1.0000,134.8700,1.3675,8.5134,1333.1200,1.4552,81.2947,1.5849,0.8336,82.3890,1.0155
460,2022-05-08,1.0553,1.0000,137.7962,1.3621,8.2834,1337.8760,1.4910,72.8219,1.6462,0.8553,81.2258,1.0435
461,2022-06-08,1.0739,1.0000,143.9200,1.3467,8.4275,1349.3400,1.4917,64.6791,1.6644,0.8558,83.4140,1.0486
462,2022-07-08,1.0163,1.0000,138.0500,1.3201,7.9769,1321.6100,1.4871,62.2650,1.6464,0.8459,80.5280,0.9913
463,2022-08-08,1.0199,1.0000,137.6200,1.3134,8.0061,1329.9300,1.4607,61.5167,1.6202,0.8417,81.1660,0.9763
464,2022-09-08,1.0009,1.0000,143.6500,1.3134,7.8568,1381.7000,1.4824,61.0596,1.6491,0.8666,79.7375,0.9739
465,2022-10-08,0.9764,1.0000,141.5893,1.3389,7.6510,1364.6957,1.5237,60.8402,1.7100,0.8754,80.5246,0.9692
466,2022-11-08,1.0101,1.0000,146.8485,1.3535,7.9293,1386.0000,1.5455,61.5657,1.6869,0.8687,82.0505,0.9899
467,2022-12-08,1.0526,1.0000,143.7368,1.4316,8.1895,1385.8316,1.5579,66.1579,1.6526,0.8632,86.6105,0.9895
468,2010-01-22,1.4135,1.0000,127.3500,1.4891,10.9846,1626.0300,1.5659,42.1824,1.9892,0.8763,65.4590,1.4708
469,2010-02-22,1.3626,1.0000,124.3800,1.4133,10.5789,1563.3700,1.5113,40.8580,1.9382,0.8797,62.9730,1.4649
470,2010-03-22,1.3471,1.0000,121.2500,1.3788,10.4552,1529.8800,1.4815,39.9540,1.9205,0.8990,61.4080,1.4348
471,2010-04-22,1.3339,1.0000,124.0300,1.3341,10.3535,1478.2800,1.4390,38.9285,1.8759,0.8668,59.3680,1.4325
472,2010-05-22,1.2505,1.0000,112.5316,1.3321,9.6923,1493.4261,1.5130,38.8388,1.8582,0.8674,58.7723,1.4401
473,2010-06-22,1.2258,1.0000,111.0900,1.2533,9.5379,1449.7500,1.4012,38.0075,1.7364,0.8340,56.7440,1.3622
474,2010-07-22,1.2850,1.0000,111.5700,1.3388,9.9889,1547.4500,1.4476,39.1355,1.7835,0.8428,60.5700,1.3418
475,2010-08-22,1.2838,1.0000,109.9562,1.3452,11.0967,1522.6679,1.4360,39.0996,1.8198,0.8259,60.0083,1.3287
476,2010-09-22,1.3364,1.0000,113.1400,1.3678,10.3714,1537.5800,1.3983,41.4560,1.8122,0.8553,60.9330,1.3217
477,2010-10-22,1.3934,1.0000,113.1800,1.4299,10.8203,1571.8000,1.4198,42.4507,1.8636,0.8873,62.1030,1.3533
478,2010-11-22,1.3647,1.0000,113.9700,1.3865,10.5837,1542.3500,1.3817,42.4125,1.7669,0.8549,62.0050,1.3505
479,2010-12-22,1.3112,1.0000,109.6800,1.3322,10.1980,1510.2700,1.3143,40.2825,1.7650,0.8492,59.1315,1.2502
480,2011-01-22,1.3494,1.0000,111.6902,1.3465,10.5079,1511.1634,1.3663,40.3836,1.7842,0.8484,61.4966,1.3001
481,2011-02-22,1.3667,1.0000,113.6300,1.3491,10.6469,1542.1000,1.3635,39.9817,1.8243,0.8458,61.8640,1.2844
482,2011-03-22,1.4211,1.0000,115.1500,1.3911,11.0763,1597.6400,1.4039,40.0990,1.9120,0.8678,63.8860,1.2843
483,2011-04-22,1.4568,1.0000,119.3548,1.3889,11.3220,1574.4988,1.3569,40.8075,1.8171,0.8817,64.5358,1.2903
484,2011-05-22,1.4270,1.0000,116.6450,1.3901,11.0976,1545.3332,1.3389,39.9300,1.7957,0.8793,64.1841,1.2522
485,2011-06-22,1.4397,1.0000,115.3600,1.4007,11.2157,1546.3900,1.3587,40.2565,1.7640,0.8931,64.6350,1.2109
486,2011-07-22,1.4391,1.0000,112.8300,1.3658,11.2132,1513.6300,1.3234,39.8970,1.6625,0.8827,63.8240,1.1789
487,2011-08-22,1.4413,1.0000,110.6500,1.4194,11.2411,1556.5600,1.3781,41.9225,1.7447,0.8737,65.8170,1.1341
488,2011-09-22,1.3448,1.0000,102.5900,1.3894,10.4904,1605.6600,1.3691,43.2059,1.7185,0.8732,66.6720,1.2275
489,2011-10-22,1.3811,1.0000,105.9195,1.3970,10.7496,1583.9603,1.3414,43.2047,1.7436,0.8686,69.0490,1.2319
490,2011-11-22,1.3535,1.0000,104.1500,1.4059,10.5446,1548.6800,1.3718,41.9475,1.8086,0.8657,70.8900,1.2350
491,2011-12-22,1.3047,1.0000,101.9300,1.3369,10.1523,1509.4700,1.2878,41.0980,1.6888,0.8325,68.6660,1.2232
492,2012-01-22,1.2924,1.0000,99.7583,1.3111,10.0194,1465.8708,1.2433,40.3749,1.6027,0.8359,65.1871,1.2081
493,2012-02-22,1.3230,1.0000,106.2200,1.3210,10.2609,1491.2100,1.2441,39.3680,1.5933,0.8442,65.0110,1.2072
494,2012-03-22,1.3167,1.0000,109.4000,1.3151,10.2252,1491.1600,1.2696,38.7580,1.6294,0.8333,67.4480,1.2055
495,2012-04-22,1.3114,1.0000,107.1714,1.3021,10.1754,1495.0580,1.2688,38.7006,1.6128,0.8141,68.3376,1.1943
496,2012-05-22,1.2768,1.0000,101.9900,1.2977,9.9154,1487.0100,1.2910,39.7196,1.6764,0.8087,70.6640,1.2011
497,2012-06-22,1.2539,1.0000,100.6800,1.2893,9.7310,1451.1800,1.2490,41.7050,1.5899,0.8042,71.6630,1.2009
498,2012-07-22,1.2301,1.0000,96.6451,1.2410,9.5368,1403.3836,1.1825,39.4333,0.5784,0.7832,67.9912,1.2070
499,2012-08-22,1.2448,1.0000,98.6500,1.2355,9.6560,1413.5000,1.1926,39.6900,1.5387,0.7879,69.0760,1.2009
500,2012-09-22,1.3042,1.0000,102.0503,1.2701,10.1113,1458.6881,1.2402,40.6482,1.5663,0.7999,69.6509,1.2115
501,2012-10-22,1.3063,1.0000,104.2700,1.2987,10.1242,1441.8700,1.2657,40.4252,1.5972,0.8145,69.8540,1.2097
502,2012-11-22,1.2893,1.0000,106.4200,1.2841,9.9934,1399.7600,1.2420,40.1520,1.5809,0.8077,71.0958,1.2045
503,2012-12-22,1.3200,1.0000,111.0718,1.3073,10.2334,1419.5781,1.2644,40.6092,1.5933,0.8122,72.8200,1.2054
